,CreditCardNumber,FullName
0,9173-4456-4276-7457,René Meunier
1,7285-2343-4774-7123,Dominique Lambert
2,2987-5179-6304-4593,Mathilde Ribeiro
3,5192-8496-1573-5866,Alexandria Bonneau
4,7342-7353-6469-4702,Marine Cousin
5,7161-8082-1463-7690,Éric Buisson
6,4743-7754-5043-7865,Isabelle Legros
7,5471-5633-3139-4733,Marcelle Potier
8,1711-6160-4440-4483,Richard Rousset
9,2630-5275-3755-5931,Andrée Henry
10,6023-8474-2622-2474,Antoinette Roy
11,6454-7484-9160-9110,Jérôme Philippe
12,7047-6914-1871-5807,Stéphane Weiss
13,2461-5342-9079-1389,Martin Bertin
14,4754-5539-5237-4101,Cécile Jean
15,7556-7370-4898-2652,Clémence Gimenez
16,4185-2882-5106-1398,Gilles Colas
17,9199-1602-7186-2374,Alfred Thibault
18,5536-2154-5310-3183,Richard Leblanc
19,5389-3919-4712-4123,Jeannine Buisson
20,6401-8875-4575-3379,Alexandre Julien
21,7626-7032-9275-7704,Louis Fouquet
22,1594-3545-4462-6616,Bernard Bonnin
23,8203-5642-3751-9273,Manon Bernier
24,5241-8947-8054-7798,Julie Buisson
25,6876-5641-3039-4913,Patrick Gaillard
26,1628-4632-3800-2236,Marcel Sanchez
27,8360-2498-1974-1378,Michel Maillot
28,3038-5048-3274-1243,Lucas Fouquet
29,6015-7906-5578-6884,Gérard Legrand
30,1135-4699-6907-4893,Astrid Masse
31,8116-6964-9830-7062,Alix Hervé
32,6819-1409-2303-6667,Maryse Camus
33,8704-4974-4218-2049,Renée Rey
34,9844-7480-4940-1958,Yves Dias
35,4939-8600-3196-5810,Philippe Caron
36,1759-7609-2005-8624,Manon Alves
37,5469-8729-3250-8189,Paul Lecoq
38,5308-8126-5493-2844,Jeannine Boutin
39,2039-2925-5306-9962,Denis Ferreira
40,3494-8151-4849-1963,Guillaume Monnier
41,1143-1478-5125-4638,Odette Klein
42,7116-6890-8112-8039,Noël Chrétien
43,6953-7202-7460-2914,Julie Pinto
44,4561-4229-9875-5596,Susanne Maillet
45,6889-4757-7432-1566,Arnaude Maillot
46,9412-9644-2657-6297,Gilbert Chartier
47,7366-4261-1802-9597,Gilles Garcia
48,2473-9921-3939-1403,Jean Chauveau
49,6426-2044-6445-9230,Denise Perrin
50,6502-9365-2338-8241,Cécile Brunel
51,1315-3735-3775-3047,Emmanuelle Pages
52,5090-8551-3172-5025,Honoré Marion
53,5222-7901-4372-4904,Patrick Rossi
54,9520-4923-9642-9928,André Chauvet
55,7440-9463-8465-1262,Thibaut Dumas
56,8728-9344-1899-8338,Audrey Briand
57,2884-4151-7128-8191,Élisabeth Grégoire
58,6755-3247-3832-6959,Marianne Gallet
59,9444-4701-2187-8401,Noël Weber
60,1987-6428-3247-2615,Antoinette Bazin
61,7384-8533-7582-7290,Alain Valentin
62,2491-7209-9854-6808,Jules Thomas
63,8294-1197-9133-2112,Maggie Boucher
64,7724-8392-8226-9952,Maggie Boucher
65,9536-8161-3755-3032,Hélène Costa
66,6006-8446-4250-4814,Marcelle Da Costa
67,8506-9010-8849-8625,Henri Peltier
68,2725-3965-2500-3553,Zacharie Hervé
69,5521-7358-3717-6346,Laetitia Gaudin
70,3930-2171-6293-6713,Simone Collet
71,9765-6358-3290-3273,Auguste Lebrun
72,9299-9467-7296-5703,Guillaume Barbier
73,4685-2802-6098-5658,Christelle Roy
74,7231-5640-9784-3885,Robert Gomez
75,6214-8438-2014-3511,André Ramos
76,7450-5744-5982-9452,Antoinette Pruvost
77,1672-4578-8454-4152,Susan Gilles
78,6559-3157-8697-6616,Susan Gilles
79,7292-4103-7238-4043,Valérie Munoz
80,3480-3322-9627-9936,Margaud Brunet
81,3487-9841-9714-5603,Julie Perret
82,5764-5899-3725-8141,Christophe Grégoire
83,6279-3209-2094-8339,Joséphine Thibault
84,1190-8591-5942-9110,Jean Collin
85,2508-2824-7479-8683,Catherine Moreau
86,5429-7622-3554-6111,Olivier Lenoir
87,2337-1803-3244-4117,Brigitte Jacques
88,2915-4385-5556-4540,Claude Blot
89,7070-9346-3090-4227,Antoinette Courtois
90,2087-4096-8432-9443,Frédéric Weiss
91,5325-1519-4117-6570,Arnaude Guillet
92,6864-8198-2717-7291,Élodie Vidal
93,6874-6286-1166-2939,Pierre Pinto
94,4832-2325-6882-6840,Sophie Leclercq
95,3498-4204-7664-7637,Benjamin Duhamel
96,8266-6472-1802-8413,Jean Gauthier
97,8379-3036-6488-6644,Susan Lévy
98,6366-8155-3071-2658,Margaud Boulay
99,9041-6887-2908-6095,Stéphane Berthelot
100,9395-9124-4932-3874,Eugène Leblanc
101,5249-9710-3304-6010,Maurice Auger
102,4899-3956-3394-5288,Daniel Blanchet
103,2188-7467-6517-3330,Sabine Fischer
104,7212-9829-1703-6503,Renée Fleury
105,2040-7145-4830-2172,Xavier Richard
106,7144-5052-9001-3739,Margaret Gosselin
107,2267-6618-8278-4512,Manon Allard
108,6137-2563-2100-7655,Pénélope Charles
109,1509-9979-7352-9987,Arthur Bouchet
110,5793-8112-3484-5445,Jeannine Masson
111,5386-4374-6306-7730,Colette Barthelemy
112,4669-1548-8038-7182,Gilles Roux
113,7276-5601-4018-6459,Margot Bruneau
114,4202-8023-7060-7005,Victor Gaudin
115,6129-2537-9056-4507,Gilbert Alves
116,4100-5341-1678-9346,René Faivre
117,7040-6614-8954-6387,Aimé Marty
118,3453-4142-6814-3857,Guy Bernier
119,6621-2193-8907-8379,Timothée Lejeune
120,1318-5829-8052-4794,Benjamin Andre
121,6102-9127-7774-9727,Monique Lebreton
122,1984-1164-2790-4050,Alice Riou
123,4579-5640-3839-3096,Henriette Barthelemy
124,6652-7783-5070-4010,Bernard Nguyen
125,4026-4008-9104-9578,Grégoire Roux
126,5695-1946-8666-2473,Bertrand Courtois
127,3423-2053-1509-5867,Martin Bonnet
128,4691-3072-4441-3375,Guy Merle
129,2213-7831-5399-7977,Élise Albert
130,2592-9640-9667-4951,Jérôme Brun
131,1654-1565-2104-6447,Julien Marie
132,3329-2980-2250-4030,Marc Nicolas
133,7836-8147-2766-7563,Luce Valette
134,2332-3101-9296-3903,Aurore Garnier
135,6639-3968-1222-4309,William Dubois
136,1359-5552-8955-4625,Sylvie Klein
137,1799-1755-5633-9606,Julie Baron
138,9135-7073-8779-8510,Margaret Blanchard
139,4654-3020-9625-7895,Olivie Dias
140,8343-1623-5448-3238,Mathilde Grondin
141,7951-8036-8248-1696,Grégoire Chauvin
142,4167-1178-5570-2307,Michelle Legrand
143,3617-8181-4324-3972,Thibaut Navarro
144,2526-5613-9018-3242,Alfred Gomes
145,4927-2038-6242-5824,Odette Lemaître
146,6224-3174-4020-2503,Aimé Nicolas
147,4782-3663-9469-6851,Thomas Marchand
148,6900-1787-5757-2585,Thomas Camus
149,1781-7286-8624-2904,Tristan Rodrigues
150,9717-3695-7725-6871,Philippe Vaillant
151,2578-9841-8951-6692,Émile Bourgeois
152,1587-3605-3304-1424,Gabriel Picard
153,3545-1513-2513-1230,Matthieu Colin
154,6776-8499-2494-2403,Margaud Jourdan
155,9004-1911-6335-5126,Christine Mallet
156,5807-7402-5821-4619,René Dumont
157,5659-6197-3377-5925,Guillaume Bazin
158,8882-7012-7685-4259,Lucy Jacob
159,9812-9995-9527-6605,Nicole Mendès
160,7734-4370-6778-9962,Agnès Carre
161,4761-8502-1326-5344,Diane Potier
162,5531-8002-2853-8546,David Boyer
163,3855-6271-8046-8082,Alexandrie Thomas
164,5980-2544-2082-2532,Georges Gonzalez
165,4325-8872-4868-7660,Lucie Moreau
166,4033-4545-4800-6823,Nath Hernandez
167,2083-6391-3272-8872,Alexandrie Renard
168,7829-6230-4187-4755,Célina Charpentier
169,5693-3320-4258-1451,Arthur Vaillant
170,2956-8416-2685-6531,Adèle Ledoux
171,3376-5023-9380-9644,Dorothée Guichard
172,9973-8010-5277-7451,Daniel Robin
173,9973-8010-5277-7451,David Weiss
174,5225-7801-4132-5239,William Thibault
175,7083-9001-3246-8424,Frédéric Descamps
176,5197-1639-9846-5823,Jean Durand
177,5806-5592-6837-2815,Alexandrie Bouvet
178,7573-1712-7467-6083,Roland Arnaud
179,9509-9245-6835-7996,Nicole Marques
180,7894-6476-4744-1634,Adrien Boucher
181,5650-1351-8811-2208,Auguste Pierre
182,9013-7307-7172-1913,Étienne Leconte
183,9080-5857-8590-8403,Luce Fontaine
184,4712-6941-6726-1344,Yves Grégoire
185,5080-2219-9100-1556,Margaux Lenoir
186,3708-7646-6065-5940,Tristan Raynaud
187,9929-3194-2917-7632,Dominique Boulanger
188,8800-3346-4192-3177,Margaret Legendre
189,9267-5097-3764-7557,Lucas Diallo
190,5022-7527-4826-2350,Nicolas Pichon
191,8859-6408-7370-1663,Guillaume Turpin
192,1502-1231-3933-3510,Aimé Germain
193,3160-4401-8603-6107,Philippe Pires
194,2229-7469-6037-1760,Franck Gautier
195,9631-8420-4714-6133,Gilles Parent
196,7947-8519-7188-3219,Luc Morel
197,9207-6852-3710-7680,Victor Garcia
198,5169-2388-5212-9722,Robert Pages
199,6770-5262-2630-7359,René Diallo
200,4678-1631-4935-1871,Tristan Sauvage
201,5879-2640-6758-8083,Cécile Parent
202,6094-5334-1975-1235,Louise Fournier
203,5894-3889-9642-7650,Margaud Leleu
204,3475-1682-8042-2274,Jules Maillot
205,7948-6586-6631-3896,Cécile Da Costa
206,7792-6152-2770-3477,Patrick Berger
207,3218-6560-8897-2014,Lucie Humbert
208,9428-4711-5013-8824,Léon Guichard
209,1180-9285-5260-6227,Susanne Michaud
210,2793-5214-7951-2724,Benoît Gautier
211,3773-7540-2591-1732,Joseph Raymond
212,7054-6099-4398-5860,Gabriel Leroux
213,7059-9593-6434-8871,Pierre Ribeiro
214,5033-9497-8350-6914,Corinne Baron
215,7840-2463-9215-3357,Louis Fleury
216,3977-9291-8655-1945,Hugues Masse
